Title,Location,Extract_date,Link,Desc,Company,CompanyLink
Data Visualization Specialist/Analyst,"[<div class=""companyLocation"">Vancouver, BC</div>, <div class=""companyLocation"">Hybrid remote in Toronto, ON</div>, <div class=""companyLocation"">Waterloo, ON</div>, <div class=""companyLocation"">Markham, ON</div>, <div class=""companyLocation"">Toronto, ON</div>, <div class=""companyLocation"">Charlottetown, PE</div>, <div class=""companyLocation"">Temporarily Remote in Kingston, ON</div>, <div class=""companyLocation"">Hybrid remote in North Vancouver, BC</div>, <div class=""companyLocation"">Toronto, ON</div>, <div class=""companyLocation"">Toronto, ON</div>, <div class=""companyLocation"">Remote in Winnipeg, MB</div>, <div class=""companyLocation"">Toronto, ON</div>, <div class=""companyLocation"">North Vancouver, BC</div>, <div class=""companyLocation"">Markham, ON</div>, <div class=""companyLocation"">Remote in London, ON</div>]",2022-04-06,https://ca.indeed.com/pagead/clk?mo=r&ad=-6NYlbfkN0BNkyHKFPXku_phWyRtDwT9ZLEq8i6ECAy_H86X8751CFKHlNwlE2ZQ5OV0ddwddUUcegbCDAvnVC3jrbUBSL6I6khvwZka-u734H9rDOuc_n_XqtBqQLiDSUhFr3AI-o5yARtL_BkdGcozSOCFuHVlUUMZODvGfdA3FgZLECxaCiu82l20pTox4BLclSRThxLYgVQOnVYJ12egcx1QxcdJKslxpCpJdgxHu0UcQihvVkw-16jekLuNktoqcSWBBv1ekjYtODPCgESFZtgpkD30P4xR1Tp3LPWgqSRYQk-JDjH81lsXmEXmhbCAjg7Ijl7-dKwALLuJfyo6KTCcX-yKSp8QmYqE24YVYbBC5Hl6I6PmEuROrOOJeGoZYl4y-LvZhD9tJBQ0v9CsRuMH0y5dE_5mGiMmrsPAYIH7_UmhegbQbPxSKd6F7mS5wr6i5_2JxR5fFA8ZGn7UhD9ai_aKn4BdFu5iaUSzOU6XRegNng==&p=0&fvj=1&vjs=3,"Our team at Koalafied has doubled in size this year and we have an immediate need to hire a Data Visualization Specialist/Analyst to join our Vancouver team.Our Compensation/Data Operations team is a vital part of the Koalafied organization. The ideal candidate is someone who is an analytical quick-thinker who thrives in a collaborative environment but also has the ability to use their communication and experience to bring new ideas to the table.What will you do?Create/improve/maintain/monitor internal and external data tracking and visualization tools for our customersMonitor/maintain/improve the entire organization's data visualization's toolsCreate/monitor/improve custom-made scripts (knowledge in JavaScript is crucial)Take information and direction from various department Leaders to create dashboards (Datastudio, Tableau) for analysis.Partner and innovate with Koalafied leadership teams to deeply understand or identify opportunities to support our partners and ensure appropriate web analytics infrastructure is builtDefine measurement strategies to quantify the performance of various sales initiatives and compare their performance against a hindsight benchmarks and future modellingGenerate actionable insights by analyzing sales, recruiting, and attrition data, throughout the onboarding journey to grow the businessCollaborate with the Data and Executive teams to advance our analytics to predict optimal outcomes, leveraging predictive modelling techniques (churn, cross sell, lifetime value, geospatial etc.)Visualize and communicate analysis to the business, including building scalable and insightful reports and dashboards, enabling reliable self-service analytics, and synthesizing and presenting findings at all levels of various departmentsWho are you?You hold a university degree or equivalent in STEM or related field ( Business Analytics, Operations Research, Engineering, Computer Science, Physics, Chemistry, Psychology, Mathematics or Statistics)Proven skills/certification in website analytics platforms (Google Analytics, Adobe Analytics)Proven skills/certification in Tracking infrastructure (Google Tag Manager, Tealium, etc.)Proven skills/certification in Visualization tools (Tableau, Looker, Power BI)Proven skills/certification in Python, R or related statistical analysis toolsYou are proficient in writing SQL queries for Oracle, SQL server and Big DataYou bring 5+ years of hands-on experience working with and analyzing data setsYou bring 3+ years of hands-on experience working with Business Intelligence and delivering solutions that enable users with actionable data and analyticsYou are comfortable developing reports and dashboards that vary in design and layout depending on the audience (executives and operational team members alike)You have strong skills in developing presentations for varying audiencesYou have Advance Tableau visualization skills (able to create data extracts to enable other publishers to build dashboards, know how to work with Tableau calculations , LOD, Action filters, etc)Able to collaborate fluently with team members and partnersAble to set clear objectives with an emphasis on accountability while striving to reach your highest potentialOur expectations:A commitment to learn and apply Koalafied’s Business and People Leadership principlesAn enthusiastic approach to taking on new opportunities and challengesA commitment to navigating our internal operations to achieve optimal resultsA commitment to quality and investing in results that add value to the businessA sense of urgency and ability to prioritize important workAn understanding and a passion for the industry in which we operateJoin a winning team:Competitive salary with benefits and quarterly bonusesOngoing training, education and personal developmentPosition based on-site in Vancouver, BCOpportunities to grow with the company long termIf the above describes your skill set, experience and capabilities - we’d love to meet you. We will only be contacting candidates based in Vancouver, BC since this is an on-site position. Job Types: Full-time, PermanentSalary: $60,000.00-$70,000.00 per yearAdditional pay:Bonus payBenefits:Company eventsDental careExtended health careLife insuranceVision careSchedule:8 hour shiftMonday to Friday",Koalafied,https://ca.indeed.com/cmp/Koalafied?campaignid=mobvjcmp&from=mobviewjob&tk=1g00i7rk0kujk801&fromjk=e13b7cf25ce3df1e
Data Analyst,"[<div class=""companyLocation"">Vancouver, BC</div>, <div class=""companyLocation"">Hybrid remote in Toronto, ON</div>, <div class=""companyLocation"">Waterloo, ON</div>, <div class=""companyLocation"">Markham, ON</div>, <div class=""companyLocation"">Toronto, ON</div>, <div class=""companyLocation"">Charlottetown, PE</div>, <div class=""companyLocation"">Temporarily Remote in Kingston, ON</div>, <div class=""companyLocation"">Hybrid remote in North Vancouver, BC</div>, <div class=""companyLocation"">Toronto, ON</div>, <div class=""companyLocation"">Toronto, ON</div>, <div class=""companyLocation"">Remote in Winnipeg, MB</div>, <div class=""companyLocation"">Toronto, ON</div>, <div class=""companyLocation"">North Vancouver, BC</div>, <div class=""companyLocation"">Markham, ON</div>, <div class=""companyLocation"">Remote in London, ON</div>]",2022-04-06,https://ca.indeed.com/pagead/clk?mo=r&ad=-6NYlbfkN0B2rgPGb8iKQW7qLyTw0WXISuqlNuORLdf67EF1j2DWun8Y5AUxproWCXzzfSdXO8H6IKAXNJOLWC2Tp6PLNiXL_ME2pQ6hT6gFpMNRi2cf8WTIJl0NQqkwKEYBEyFMvAQx9nbhqA-Acyenhm5nrQOPD3km8xll_e0mW9uVyKyg0lpsmoxNF9ZflrDReeTCAC9oqjWSIn5O540fJmYeSdBTHbX89Cm7_Z-zCrJYIcTwJlkxSEEKOkr5K_-C3PlXb5Dm8dVWnwiDgdkOUB_AzvuszaPCK6M5FDnB2QcVI8Xl2a-FRxFgRC2iUFdaF_8ZOVMSxAmL-1Qxh1V4d0Kaf2VT9_a-mwnCee2xixAfcXaIMC6-kWPGS-PnWZZAZk_OSq-wHn7oYLS7Y5NE5dHzr6GqxRsH9AW9MJIEZEMUALD1W6nOcqb7ugqvpi-oj7jFTq1TpsYPNW1LZOmjQTIcWgygdFcRHe81b3AqneRIHvyDJ1fFa6nJ4nsg&p=1&fvj=1&vjs=3,"Start/End Dates: 4/25/2022 - 11/27/2023Work location: 81 Bay 29th Floor (hybrid model to start, will need to go into office)Job Title: IT - Data Analyst - SeniorJob Description: All employees and non-employees must be fully vaccinated against COVID-19 (2 doses required).**Job level: 7No. of Positions: 1Duration: 18 monthsLine of Business: Small Business Risk ManagementTarget Start Date: 4/25/2022Potential for this contract to be extended or converted to FTE: PossibilityWork Schedule: Monday - Friday, 9:00 am – 5:00 pm. A little flexibility with work hours. 37.5hours/week. Overtime might be possible.Interview Process: 2 rounds; 1 with HM, 2nd round with senior directorUpcoming vacation time? NAAvailability to Interview (date/time): ASAPReason the role is open: Supporting a large transformation project in small business initiated a year agoProject the contractor will be working on: variety: data analytics, strategy development, building a data repositoryGroup information: overall 8 people; 3 FT, 1 CW under HMEVP (Employee Value Proposition): Project work is interesting; onboarding a new vendor, major strategy initiative and will provide the candidate with a unique experience. Also, a great team environment: a knowledge sharing team – each team member has their own area of expertise, but expectation is to share (whether that be best practices, etc.) for the betterment of the team and gain valuable knowledge.The Candidate will Be Working with: within CIBC: small business product team, opportunity with other teams such as marketing, retail lending services, national collections teamsJob Details:Reporting to the Senior Manager, Small Business Risk Management, the successful candidate will be well versed in designing, building and implementing account acquisition and account management strategies with a focus on increasing auto-approval rates and decreasing loss rates. Expert level SAS SQL coding skills are required to extract value from data combined with strong communication skills for presentation of risk-reward analysis to Senior Management. Reporting (standard and ad hoc) will require attention to detail and accuracy.How You’ll SucceedData driven - Actively work with other business partners across the organization to ensure that work is aligned to our mandate and objectives. Lead and support in-depth client insights studies using SAS and create an analytical framework to help solve key business questions and test hypotheses. A strong understanding of reporting, analysis and data mining combined with practical industry experience is required.o Support the development of proposals/business cases for credit risk scorecards, system or rule changes that will enhance credit risk management performanceo Conduct pre- and post-analyses of strategy performance. Provide objective and sound feedback on the performance of acquisition strategies. Make specific recommendations to improve future performanceo Build deep subject matter knowledge of (i) TTD adjudication system rules, tables, and cutoffs and (ii) acquisition campaign criteria.o Experience in Excel Pivot tables, calculations, graphs and charts is essential, and candidate must be able to customize these as requested by teamContinuous improvement mindset - Strong focus on process improvement. Regularly identify, develop, and implement operational process enhancements with the goal of improving efficiencies and synergies between internal and external partners.Communication and relationship management - Lead and assist in preparing comprehensive presentations as needed to highlight key insights from deep dive analysis along with any recommendations that can be adopted to help address gaps or opportunities. Manage a number of high priority requests to support management in order to support the bank’s strategy. Interact and work effectively across multiple internal teams and establish a process to facilitate data/information sharing that ensures a consistent, common understanding of key client metrics.o A strong grasp of financial terms used in Risk as well as their interpretation is strongly preferred.Critical thinking - Apply critical thinking, creativity, and sound judgement to identify issues and opportunities. You can sort through complex and ambiguous scenarios to understand root causes and make tough but reasoned choices between competing alternatives and opinions. You seek to understand before proposing solutions and although you intuitively know something doesn’t make sense, you rely on data and fact to inform decisions and recommendations rather than opinion. Openly and frequently share your knowledge, ideas and views because you know your perspective matters.Project execution - Own and lead projects from inception to execution – such as, working with all stakeholders across the organization to develop a holistic client contribution framework & assessment to the automation of the entire process. Stay abreast of industry best practices regarding analytical methods and technologies.Must Haves:You can demonstrate experience in at least 3-5 years’ experience and strong skills in data extraction/manipulation and statistical analysis tools, including SAS SQL (required);o Must be comfortable with advanced SQL queries and must be able to use SQL to draw relevant data, integrate it and clean it in a data hub environment.o In-depth knowledge of how to work in SAS and should be comfortable understanding existing SAS code and developing their own SAS queries to pull, integrate and output data.Candidate must be able to understand and interpret complex financial data as well as spot any anomalies and inconsistencies in financial dataComfort with exploring how new and emerging data can be usedYou have a degree/diploma in a relevant bachelor’s degree in Engineering, Computer Science, or quantitative discipline such as Applied StatisticsNice to Haves:Experience creating Access/VBA based reporting databases is a strong asset.Working in applied data & analytics problems in business banking and/or retail bankingRelated banking/business/finance knowledge is considered an assetKnowledge of data visualization tools such as COGNOS, Tableau, etc.Experience is developing business requirements documents and solutions requirements documents with TechnologyJob Types: Full-time, Fixed term contract, FreelanceContract length: 18 monthsSalary: $60.00-$63.00 per hourSchedule:Monday to FridayExperience:Data analysis skills: 3 years (required)SAS and SQL: 3 years (required)Access/VBA: 3 years (required)Expected start date: 2022-04-25",Alliance Search Partners,https://ca.indeed.com/cmp/Alliance-Search-Partners?campaignid=mobvjcmp&from=mobviewjob&tk=1g00i7svcq6ad802&fromjk=b63ada2300a30863
"Business Systems Analyst, Data & Reporting - 336346","[<div class=""companyLocation"">Vancouver, BC</div>, <div class=""companyLocation"">Hybrid remote in Toronto, ON</div>, <div class=""companyLocation"">Waterloo, ON</div>, <div class=""companyLocation"">Markham, ON</div>, <div class=""companyLocation"">Toronto, ON</div>, <div class=""companyLocation"">Charlottetown, PE</div>, <div class=""companyLocation"">Temporarily Remote in Kingston, ON</div>, <div class=""companyLocation"">Hybrid remote in North Vancouver, BC</div>, <div class=""companyLocation"">Toronto, ON</div>, <div class=""companyLocation"">Toronto, ON</div>, <div class=""companyLocation"">Remote in Winnipeg, MB</div>, <div class=""companyLocation"">Toronto, ON</div>, <div class=""companyLocation"">North Vancouver, BC</div>, <div class=""companyLocation"">Markham, ON</div>, <div class=""companyLocation"">Remote in London, ON</div>]",2022-04-06,https://ca.indeed.com/pagead/clk?mo=r&ad=-6NYlbfkN0BreR47D9bMWJ28XlwS8rs2_GIFY3-vSdy_Xwl-swcV-sVgEAMl2VRgb3OxKP2a3cZRjZQDjcrzpIAy9E4Ndmnwo1gy7WxxddTNf75dbe_A-nKiYaj2UTOqvH0ZFbfUXMXOtzsinhhYK6l-NR5n4kVIbjFCQlOeH3uv5K6vy4jYmpQ9rZFNJ0kUoda97W2dDuDBqNECZa0CT0Qlp-VdLF98fmPyANmkA3aImAX243dDPxGV6kE0swMSKlE6TtxHQf-tPPGs7jffKtdO5Orwth5KRms0pm1yzbEvW9kktxnrWOc0VIjqBMGA0SN4X6t_oASYqj0EVBrPCI2mjL0eFknqprG9MSM0v49I90-_MOtV5zafqT1XWVbiwiHmq1vNgJV3MNbCoPuzGpLcKRXIxhzzML0_WQ8W7EGdWammBU4079w5F-nfGKtc10KNpQhrp7djCeSzVc3x2Zx55kU3XBgn55pndia-O0zauGiNu3JYAxrBVRz5ooTJj6M_b0vF3P9nMKT4AUIZ_0X98D9A4ZlWbktpo45r00UO0PQa4r9t2AwbOe_YP-0z9FZlbdI_xhIU7XBlYeo4bms-ZU__403tb04iwZDCnVZki-aC1vFR6gDjRmp6GHV1dS5IjS946guBFVmmw6A0OA==&p=2&fvj=0&vjs=3,"Business Systems Analyst, Data & Reporting: PROCOM KW is seeking an experienced Business Systems Analyst, Data & Reporting for a permanent role with one of our clients in the Insurance Sector.
Business Systems Analyst, Data & Reporting Job Details
As a Business Systems Analyst, you will be working with a team. You will play a pivotal role to plan, design, orchestrate, and launch efficient business process and system solutions. Your focus will be on delivering business-focused insights through data analysis and driving standardization and consistency across our organization using Six Sigma and Lean methodologies.
Business Systems Analyst, Data & Reporting Responsibilities
Provide business systems analysis expertise in various business process and system integrations across the organization including implementation of multiple concurrent business initiatives to support projects and technology solutions.
Examine technical user needs and goals. Captures and assesses requirements, process, and business problems to propose solutions and recommendations that improve existing processes and promote effective and appropriate system solutions.
Build and maintains relationships with management, staff, and stakeholders including vendors to ensure requirements are being met. Engages and informs project stakeholders, SMEs and leaders which may include, identifying and contexting technology trends, defining and deriving metrics and providing or participating in cross departmental education.
Develop functional test plans and strategies and is responsible for the execution of the test plans in conjunction with business units and the project and/or initiative stakeholders
Collaborate with stakeholders to determine project scope, vision, cost benefit analysis, risk factors. Works with stakeholders to develop detailed solutions, estimates, and project plans in support of business goals and in compliance with project methodology.
Provide technical leadership to junior team members and performs other duties within the Business Systems Analyst function, as assigned.

Business Systems Analyst, Data & Reporting Must Have Skills
Five years’ experience in process design, business analysis, testing, and information technology business solutions.
Experience with BI Dashboards and data extraction experience
Experience with the Microsoft 365 suite of products including. SharePoint, Project, Power Automate is desirable.
Relevant certifications with knowledge of best practices employed by the IIBA and BABOK.

Business Systems Analyst, Data & Reporting Start Date
Immediately
Business Systems Analyst, Data & Reporting Assignment Length
Permanent Full-time",Procom,https://ca.indeed.com/cmp/Procom?campaignid=mobvjcmp&from=mobviewjob&tk=1g00i7u4tk25h800&fromjk=c010f1e91bb52a57
Data Analyst,"[<div class=""companyLocation"">Vancouver, BC</div>, <div class=""companyLocation"">Hybrid remote in Toronto, ON</div>, <div class=""companyLocation"">Waterloo, ON</div>, <div class=""companyLocation"">Markham, ON</div>, <div class=""companyLocation"">Toronto, ON</div>, <div class=""companyLocation"">Charlottetown, PE</div>, <div class=""companyLocation"">Temporarily Remote in Kingston, ON</div>, <div class=""companyLocation"">Hybrid remote in North Vancouver, BC</div>, <div class=""companyLocation"">Toronto, ON</div>, <div class=""companyLocation"">Toronto, ON</div>, <div class=""companyLocation"">Remote in Winnipeg, MB</div>, <div class=""companyLocation"">Toronto, ON</div>, <div class=""companyLocation"">North Vancouver, BC</div>, <div class=""companyLocation"">Markham, ON</div>, <div class=""companyLocation"">Remote in London, ON</div>]",2022-04-06,https://ca.indeed.com/rc/clk?jk=13bd919656106fa0&fccid=545c9eef6a62be2a&vjs=3,"Data Analyst – Markham, ON


As a Data Analyst, you will be responsible for tracking key metrics through building and maintaining data pipelines and dashboards for visualization. Along with this, you will be expected to have a very good handle on different data streams and address the organization’s data requirements.

Essential Duties and Responsibilities


Gather user requirements for new reports and enhance existing reports. Interpret needs and design reports to meet end-user expectations.
Create and maintain reporting tools and applications to support all strategic and tactical needs of the company.
Dashboard development and generation for daily, weekly, monthly, and all reporting needs.
Design and develop complex data queries to move and transform data from operational data sources to analytical databases.


Qualifications

To perform this job successfully, an individual must be able to perform each essential duty satisfactorily. The requirements listed below are representative of the knowledge, skill, and/or ability required. Reasonable accommodations may be made to enable individuals with disabilities to perform the essential functions.


Education and/or Experience

Bachelor’s Degree in Computer Science or related technical discipline; and five years related professional experience; or the equivalent combination of education, technical training, and work experience.


Technical and/or Domain Knowledge

To perform this job successfully, an individual should demonstrate in-depth knowledge and understanding of and experience with the following:


Strong experience in SQL - should be able to build complex and optimized queries
Strong experience in Excel - should be comfortable with advanced functions.
Strong logical & analytical concepts in databases, schemas, dimensional modeling
Good to have: Basic understanding of scripting languages (R, Python, etc.)
Good to have: Experience with BI tools (Power BI, Tableau, QlikView, etc.)
Good to have: Working knowledge of data warehousing infra tools like Hive/ SQL",DecisivEdge,https://ca.indeed.com/cmp/Decisivedge?campaignid=mobvjcmp&from=mobviewjob&tk=1g00i7utdq6ad800&fromjk=13bd919656106fa0
Junior Data Analyst / Data Entry,"[<div class=""companyLocation"">Vancouver, BC</div>, <div class=""companyLocation"">Hybrid remote in Toronto, ON</div>, <div class=""companyLocation"">Waterloo, ON</div>, <div class=""companyLocation"">Markham, ON</div>, <div class=""companyLocation"">Toronto, ON</div>, <div class=""companyLocation"">Charlottetown, PE</div>, <div class=""companyLocation"">Temporarily Remote in Kingston, ON</div>, <div class=""companyLocation"">Hybrid remote in North Vancouver, BC</div>, <div class=""companyLocation"">Toronto, ON</div>, <div class=""companyLocation"">Toronto, ON</div>, <div class=""companyLocation"">Remote in Winnipeg, MB</div>, <div class=""companyLocation"">Toronto, ON</div>, <div class=""companyLocation"">North Vancouver, BC</div>, <div class=""companyLocation"">Markham, ON</div>, <div class=""companyLocation"">Remote in London, ON</div>]",2022-04-06,https://ca.indeed.com/company/Strategy-Institute-Inc./jobs/Junior-Data-Analyst-29bf3d1f0b974167?fccid=6ae58d2271a3b416&vjs=3,"Job descriptionWe are looking to hire a Data Analyst / Data Entry personnel to join our data team. You will take responsibility for managing our master data set, developing reports, and troubleshooting data issues. To do well in this role you need a very fine eye for detail, experience as a data analyst, and deep understanding of the popular data analysis tools and databases.Key Responsibilities and TasksMine and analyze data from company databases to drive optimization and improvement of product development, marketing techniques and business strategies.Deliver flexible, reusable and well-maintained core data repositories.Developing templates and methodologies to ensure data requirements are accurately and completely captured and can be effectively communicated to other data stakeholders.Conducting data profiling to analyze quality of incoming data & advising on any data cleansing rules.Use accelerated delivery methodologies to ensure data initiatives provide timely business value.Perform data entry of information, and make corrections, as required.Create tailored proposals for current and prospective clients.Manage and enhance daily/weekly/monthly reporting to provide results and context to deliver actionable insights, not just reporting data.Manage, prioritize, and respond to ad-hoc requests.Uncover and identify opportunities to improve the customer experience by leveraging statistical approaches against multiple sources of data including internal sales/transactions, CRMs, and external 3rd party data/benchmarks.Research, design and implement reporting infrastructure that leads to automated and flexible reporting.Perform data maintenance tasks when required to ensure ongoing data integrity.Deliver excellence in the analysis of qualitative data used in management reports.Mandatory SkillsGood verbal and written communication skills; able to effectively present analytics data to Business and Marketing users.Driven to understand the relationship between data and the business.Strong work ethic, results oriented, and accuracy / attention to detail are critical.Demonstrated initiative, able to work both independently and as a team member.Proven track record developing and maintaining complex data artifactsAble to clearly communicate complex methodologies and approaches to stakeholders, peers and management.Excellent knowledge of, and demonstrable experience with Microsoft Excel, Google Sheets, Google Docs with an emphasis on using advanced functions and macros.Experience in data manipulation with Python will be considered a strong asset.Job Type: Part-timeSalary: $15.00 per hourAbility to commute/relocate:Toronto, ON: reliably commute or plan to relocate before starting work (preferred)Education:Bachelor's Degree (preferred)Experience:Python: 1 year (preferred)Microsoft Excel: 3 years (preferred)",Strategy Institute,https://ca.indeed.com/cmp/Strategy-Institute-Inc.-1?campaignid=mobvjcmp&from=mobviewjob&tk=1g00i7vktqt4n801&fromjk=29bf3d1f0b974167
Data Analyst,"[<div class=""companyLocation"">Vancouver, BC</div>, <div class=""companyLocation"">Hybrid remote in Toronto, ON</div>, <div class=""companyLocation"">Waterloo, ON</div>, <div class=""companyLocation"">Markham, ON</div>, <div class=""companyLocation"">Toronto, ON</div>, <div class=""companyLocation"">Charlottetown, PE</div>, <div class=""companyLocation"">Temporarily Remote in Kingston, ON</div>, <div class=""companyLocation"">Hybrid remote in North Vancouver, BC</div>, <div class=""companyLocation"">Toronto, ON</div>, <div class=""companyLocation"">Toronto, ON</div>, <div class=""companyLocation"">Remote in Winnipeg, MB</div>, <div class=""companyLocation"">Toronto, ON</div>, <div class=""companyLocation"">North Vancouver, BC</div>, <div class=""companyLocation"">Markham, ON</div>, <div class=""companyLocation"">Remote in London, ON</div>]",2022-04-06,https://ca.indeed.com/company/Provincial-Credit-Union/jobs/Data-Analyst-110e55bc16d14b1e?fccid=aeefeca02f9a7dc5&vjs=3,"Who We Are: We are the largest Credit Union in Atlantic Canada with $1.2 billion in assets and serving approximately 35,000 members in 10 branch locations across PEI.We are committed to the following core values in operating our organization:- We go above and beyond for our people - members, staff, and board.- We are accountable and have integrity.- We work together as a team.- We seek to continuously improve.- We act in the best interests of our communities.Who You Are: You love automating reports, developing dashboards, and analyzing data to derive actionable insights.What You’ll Do: - Reporting to the CFO, you will help empower the credit union to make data-driven decision making and uncover opportunities to grow our membership.- Writing queries, developing Python scripts, maintaining quality data, and consulting with team members across PEI.- Studying current data sources to develop accurate reporting- Developing and presenting dashboards that highlight results and trends- Conducting deep-dive analysis into business questions across all areas of the credit union.- Scope and prioritizing incoming data requests within your workflow.- Coordinating with other data team members on team projects and preserve our data warehouse as the source of truth- Collaborating across the credit union, acting as an advisor for stakeholders.What You Have: Required Education and Experience- You have 2+ years of experience in a data analyst role or equivalent education.- You are comfortable manipulating datasets with SQL (familiar with self-joins, window functions, parameters), and have intermediate Python knowledge (user-defined functions, creating API requests, writing efficient loops).Skills and Abilities- You have strong quantitative and analytical competency combined with data gathering skills.- You are a quick study on business concepts, metrics, and KPIs.- You have a sense of ownership and the ability to multitask and prioritize multiple assignments.- You are well organized and have effective time management skills.What We Offer: - Outstanding culture and opportunity to join an engaged and community-focused team.- Market competitive compensation plus annual bonus.- Generous benefit package including flexible health and dental Plan, sick time, and 6% contribution with employer match in a Defined Contribution Pension Plan and Group Retirement Saving Plan with up to 3% employer contribution.- Vacation starting at 3 weeks per year plus 4 personal days.- Tuition reimbursement, training, and career progression opportunities.- Additional employee perks including but not limited to, annual fitness and clothing allowance, and reduced rates on employee loans/mortgages and no service fee banking.- Salary range for this position: $52,938.63 – $62,280.75.Interested?Do you think you would be a good fit for the role? Tell us why by submitting your resume and cover letter. Applications will close April 18, 2022.Please note that all offers of employment are conditional upon the acceptance of an Individual Fidelity Bond Application which includes a criminal check and a credit check.We wish to thank applicants in advance; only candidates selected for an interview will be contacted.Diversity and Inclusion: Provincial Credit Union invites applications from all qualified individuals. Provincial Credit Union is committed to employment equity and diversity in the workplace, and welcome applicants from diverse backgrounds. Accommodations are available for applicants with disabilities throughout the recruitment process.Job Type: Full-timeSalary: $52,938.63-$62,280.75 per year",Provincial Credit Union,https://ca.indeed.com/cmp/Provincial-Credit-Union-2?campaignid=mobvjcmp&from=mobviewjob&tk=1g00i80bspkkr800&fromjk=110e55bc16d14b1e
Data Analyst,"[<div class=""companyLocation"">Vancouver, BC</div>, <div class=""companyLocation"">Hybrid remote in Toronto, ON</div>, <div class=""companyLocation"">Waterloo, ON</div>, <div class=""companyLocation"">Markham, ON</div>, <div class=""companyLocation"">Toronto, ON</div>, <div class=""companyLocation"">Charlottetown, PE</div>, <div class=""companyLocation"">Temporarily Remote in Kingston, ON</div>, <div class=""companyLocation"">Hybrid remote in North Vancouver, BC</div>, <div class=""companyLocation"">Toronto, ON</div>, <div class=""companyLocation"">Toronto, ON</div>, <div class=""companyLocation"">Remote in Winnipeg, MB</div>, <div class=""companyLocation"">Toronto, ON</div>, <div class=""companyLocation"">North Vancouver, BC</div>, <div class=""companyLocation"">Markham, ON</div>, <div class=""companyLocation"">Remote in London, ON</div>]",2022-04-06,https://ca.indeed.com/company/Addictions-and-Mental-Health---KFLA/jobs/Data-Analyst-f1d94ae60e956ade?fccid=b8efd9c4ab0bbd61&vjs=3,"Job Summary: Reporting to the Executive Director of Operations, the Data Analyst will work collaboratively with the Operations and Management team to support operational and strategic decision-making and planning to maximize client service and meet accountabilities required by funders. The incumbent is responsible for the provision of data utilization and decision support analysis, monthly and quarterly reporting, management of data quality, administration of risk-management initiatives and EMHware, and support for continuous quality improvement initiatives, contributing to the Agency’s ability to achieve identified strategic objectives.Key Responsibilities: Provides Data Utilization and Decision Support Analysis: Analyzes and compiles data from a variety of sources within the customer agency clinical database into meaningful information to support informed, evidence-based, operational, and strategic decisions.Prepares monthly service data reporting for quarterly report submissions to funders.Prepares CAPS service targets with customer clinical management for annual submission to funders.Liaises with the client database system developers to recommend design improvements and resolve data integrity issues, ensuring the system is meeting the needs of the Agency.Coordinates with Client Services Leadership Team to ensure accurate completion of the Ontario Common Assessment of Need (OCAN).Supports the Agency’s Client Information System, EMHWare, and provides training, end-user support, and strategic direction for input methodology.Understand the Agency’s risks and provide input into privacy and risk management strategy (incl. compliance with PHIPA, data handling and protection, approach to privacy breaches etc.)Supports the Agency’s Risk Management System, RL6.Monitor the Agency’s operations to ensure compliance with relevant privacy and risk legislation.Minimum Qualifications: Three-Year College Diploma in Business Administration or Information Technology.Up to three years’ experience in the decision support area in a community service or health care organization.Experience working in a not-for-profit organization an asset.French Language proficiency considered an asset.Knowledge, Skills and Abilities: Computer applications, Microsoft Office preferred, (relational database, word processing, spreadsheet, presentation, email) as well as internet research and statistical analysis software.Well-developed abilities in statistical analysis and report generation.Knowledge of Management Information Systems (MIS) software and Ontario Health Reporting System (OHRS).Demonstrated ability to carry out special studies / projects that require independent judgment and initiative.Well-developed interpersonal and communication skills.Microsoft PowerBI skills an asset.Demonstrated ability to function as a team member, as well as independently as needed.Excellent organizational, project management, and customer service skills.Effective written and verbal communication with internal and external stakeholders.Ability to perform effectively in a fast-paced environment with multiple and competing demands.Required to provide a satisfactory criminal reference check, including vulnerable sector screening, prior to hire.Ability to travel among Agency work sites; must possess a Driver’s License and have regular access to a reliable vehicle and provide proof of adequate vehicle insurance.Other assigned duties as required.Must possess a valid Ontario Driver’s License and have regular access to a reliable vehicle and provide proof of $2,000,000 vehicle insurance. Incumbent may be required to transport clients.Required to provide a satisfactory criminal reference check (CRC) with Vulnerable Sector Screening prior to hire.AMHS-KFLA strives to be a diverse and inclusive workplace. We encourage applications from all candidates who would contribute to the diversity of our community and enhance our ability to provide quality services to our clients.We are committed to accessible employment practices. If you require an accommodation to fully participate in the recruitment and selection process, please inform Human Resources to discuss your individual accessibility needs.Job Types: Full-time, Fixed term contractContract length: 12 monthsSalary: $36.23-$44.08 per hourBenefits:Casual dressCompany pensionEmployee assistance programFlexible scheduleOn-site parkingPaid time offWork from homeSchedule:8 hour shiftMonday to FridayCOVID-19 considerations:AMHS-KFLA has a vaccination policy which requires proof of all required doses of a COVID-19 vaccine approved for use in Canada or proof of medical exemption, consistent with the criteria outlined in the policy prior to their employment.Application deadline: 2022-04-14",Addiction & Mental Health Services - KFLA,https://ca.indeed.com/cmp/Addictions-and-Mental-Health---Kfla-1?campaignid=mobvjcmp&from=mobviewjob&tk=1g00i813aqt4v800&fromjk=f1d94ae60e956ade
Data Visualization Analyst,"[<div class=""companyLocation"">Vancouver, BC</div>, <div class=""companyLocation"">Hybrid remote in Toronto, ON</div>, <div class=""companyLocation"">Waterloo, ON</div>, <div class=""companyLocation"">Markham, ON</div>, <div class=""companyLocation"">Toronto, ON</div>, <div class=""companyLocation"">Charlottetown, PE</div>, <div class=""companyLocation"">Temporarily Remote in Kingston, ON</div>, <div class=""companyLocation"">Hybrid remote in North Vancouver, BC</div>, <div class=""companyLocation"">Toronto, ON</div>, <div class=""companyLocation"">Toronto, ON</div>, <div class=""companyLocation"">Remote in Winnipeg, MB</div>, <div class=""companyLocation"">Toronto, ON</div>, <div class=""companyLocation"">North Vancouver, BC</div>, <div class=""companyLocation"">Markham, ON</div>, <div class=""companyLocation"">Remote in London, ON</div>]",2022-04-06,https://ca.indeed.com/rc/clk?jk=b3371ab60a10baa3&fccid=1439567482f57b34&vjs=3,"At ICBC, it’s our job to make sure the car insurance system works for all British Columbians, today and in the future. If you want

to make the most of your skills and expertise while growing your career, we want you. A career at ICBC is an opportunity to be

part of a talented, diverse and inclusive team that is driven to serve its customers and community. You can expect a competitive

salary, comprehensive benefits and a collaborative work environment. If you are reliable and dependable, contact us today to be

part of our talented and diverse team as we work together to create an insurance system we can all be proud of.

We welcome applications from all qualified job seekers. If you are a job seeker with a disability, please let us know as

adjustments can be made to help support you in delivering your best performance.

Data Visualization Analyst - Senior

Job Title: Data Vis Analyst - Senior Reference Number: 115865

Location: North Vancouver Employment Type: Permanent Full Time

Hours of Work: 7.5 hr Day Shift (M-F) Posted Date: 2022/04/05

Position Highlights

The Data Visualization Analyst – Senior (DVA) on the Information Management, Data Management & Operations team will focus

on development of Big Data reporting and analytics solutions, working closely with stakeholders to meet their decision-support

requirements.

This role will work with Finance and Corporate Actuarial users to support data analysis and equip the business to make

data-driven decisions. We use Scala and Advanced SQL to perform “Data Preparation” and Tableau Enterprise to create

self-service reports & visualizations. The team uses StreamSets, Hadoop and Spark for Big Data as well as SQL & Scripting

languages for RDBMS.

Accountabilities will include:

Provide subject matter expertise on data sources, reporting workflows, business process, and appropriate tools for data

analysis;


Requirements gathering, data analysis & profiling, data integration, solution design and development;
Effective collaboration and stakeholders management at all levels of the organization;
Lead agile teams & deliver corporate projects, be a mentor to junior team members;
Ensure data quality and report content is acceptable within corporate governance and privacy protocols;
Effectively utilize features and Best Practices of Tableau and visual analytics to maximize impact and utilitization of

visualization techniques & methodologies;


Participate with corporate data user teams, develop data validation and test plans, performing user acceptance testing,

and provide feedback to development and sustainment teams.

Position Requirements

The following experience and skills are important to be successful in this role.


Demonstrated ability to analyze large and complex datasets and present them in easy to understand format to business

users;


Proven experience in designing and building visualizations and reports with visualization tools such as Tableau, Qlik or

Power BI;


Proven proficiency in Advanced SQL and relational databases like IBM DB2 and Oracle;
Applied knowledge in Big Data platforms, ideally experienced in Scala and with exposure to Hadoop ecosystem (HDFS,

Apache Drill, Hive, Spark, Spark SQL);


Ability to effectively plan and prioritize and complete multiple concurrent tasks in an environment of changing deadlines,

priorities and requirements;


Ability to apply critical thinking skills to troubleshoot and perform root cause analysis on technical problems and solution

design;


Experience leading a small team/project and mentor junior team members;
Excellent verbal and written communication and presentation skills;
Ability to work effectively in a team and independently;
Experience with Agile Methodologies;
Experience with systems such as Guidewire Claim Center and Policy Center, SAP Finance, DataStage, Control-M, and

JIRA would be an asset;


Product management experience is a plus;
Experience with data analysis & visualization using Python programming will be preferred;

Position Information

Salary range for this role $81,258 - $88,019 plus comprehensive benefits and hybrid work .

Please note only those legally entitled to work in Canada at present will be considered for this position.

As announced by the Provincial government, all ICBC employees will be required to show proof of full Covid-19 vaccination.",ICBC,https://ca.indeed.com/cmp/Icbc-1?campaignid=mobvjcmp&from=mobviewjob&tk=1g00i828npkej800&fromjk=b3371ab60a10baa3
Data Analyst,"[<div class=""companyLocation"">Vancouver, BC</div>, <div class=""companyLocation"">Hybrid remote in Toronto, ON</div>, <div class=""companyLocation"">Waterloo, ON</div>, <div class=""companyLocation"">Markham, ON</div>, <div class=""companyLocation"">Toronto, ON</div>, <div class=""companyLocation"">Charlottetown, PE</div>, <div class=""companyLocation"">Temporarily Remote in Kingston, ON</div>, <div class=""companyLocation"">Hybrid remote in North Vancouver, BC</div>, <div class=""companyLocation"">Toronto, ON</div>, <div class=""companyLocation"">Toronto, ON</div>, <div class=""companyLocation"">Remote in Winnipeg, MB</div>, <div class=""companyLocation"">Toronto, ON</div>, <div class=""companyLocation"">North Vancouver, BC</div>, <div class=""companyLocation"">Markham, ON</div>, <div class=""companyLocation"">Remote in London, ON</div>]",2022-04-06,https://ca.indeed.com/company/Logimethods/jobs/Data-Analyst-20a350afa38d234c?fccid=98b2497a3363c2a5&vjs=3,"Do you want to thrive in a stimulating work environment? Join the leader in digital transformation and boost your career at Levio. We offer you a unique opportunity to develop your knowledge within a high-calibre team.The variety of challenges offered by our clients will give you the opportunity to surpass yourself and keep your expertise at the top. Share the daily life of our customers and be an important player in the most ambitious projects in terms of technology and software solutions.DESCRIPTIONAre you someone who is passionate about data, with superior analytical, data exploration, modeling and visualization skills? If so, consider applying your skills and experience to a Senior Analytics Consultant position in the Canadian Operations Business Analytics team.Reporting to the Director, Data and Analytics Services, the Senior Analytics Consultant will lead the development of innovative analytics solutions including transformation processes and complex data models that form the core of a new generation of analytics services and self-serve solutions for our customers in Canadian Operations.Our growing mandate to deliver Data Analytics and Data Solutions requires an experienced data consultant to accelerate the development of our strategic analytics projects in support of our business stakeholders.RESPONSIBILITIESWork directly with data engineers, business data analysts, data scientists and clients in Canadian Operations throughout the entire engagement life cycle including technical analysis, design, development, implementation and consulting effortsMaintain best practice standards for analysis and reporting at all levels including data governance, documentation, testing and visualization techniquesLead and drive projects and assignments to completion, including project planning and estimatesSKILLS AND QUALIFICATIONS * Minimum undergraduate degree in Mathematics, Computer Science, Engineering or equivalent3-5 years of experience in:§ Expert knowledge of VBA and Microsoft Excel§ SQL and other languages used in data manipulation§ Tableau or other BI development experience and designing dashboards / decision enablement tools§ Developing rich portfolio of design uses cases demonstrating excellent user experience§ Experience leading analytics projects with stakeholdersStrong oral and written communication skills with experience in relating complex concepts to non-technical users, including presentation and storytelling with dataVisual design expertise with a solid understanding of the best practices around the dashboard and visual perception.Solid understanding of how to consolidate and transform data to meaningful and actionable informationAbility to draw out meaningful business insights by synthesizing information from multiple sourcesWhat will be good to have?Data warehousing principles and experience in design and/or development using dimensional modelling principlesGood Understanding of ELT/ETL processes and Microsoft SQL Server Analysis Services or equivalent technologiesExperience with Agile or design-driven development of analytics applicationsPMP and/or Scrum Master certificationKnowledge of the Insurance or Financial Services industryAdditional requirementsApplicants will be required to pass RCMP Enhanced Security Clearance for this role.BENEFITSLevio offers many benefits in order to offer the greatest possible flexibility to its employees! In addition to offering a stimulating and dynamic work environment, we offer among others:Group insurance;A pension fund;Financial support for professional development;Public transit is paid for;Bonuses for referencing;An active social clubJob Types: Full-time, PermanentExperience:VBA: 3 years (required)Microsoft Excel: 3 years (required)Tableau/BI development designing dashboards: 3 years (required)ELT/ETL processes: 3 years (preferred)",Logimethods Inc.,https://ca.indeed.com/cmp/Logimethods-1?campaignid=mobvjcmp&from=mobviewjob&tk=1g00i8301qt4v800&fromjk=20a350afa38d234c
PROGRAM DATA ANALYST,"[<div class=""companyLocation"">Vancouver, BC</div>, <div class=""companyLocation"">Hybrid remote in Toronto, ON</div>, <div class=""companyLocation"">Waterloo, ON</div>, <div class=""companyLocation"">Markham, ON</div>, <div class=""companyLocation"">Toronto, ON</div>, <div class=""companyLocation"">Charlottetown, PE</div>, <div class=""companyLocation"">Temporarily Remote in Kingston, ON</div>, <div class=""companyLocation"">Hybrid remote in North Vancouver, BC</div>, <div class=""companyLocation"">Toronto, ON</div>, <div class=""companyLocation"">Toronto, ON</div>, <div class=""companyLocation"">Remote in Winnipeg, MB</div>, <div class=""companyLocation"">Toronto, ON</div>, <div class=""companyLocation"">North Vancouver, BC</div>, <div class=""companyLocation"">Markham, ON</div>, <div class=""companyLocation"">Remote in London, ON</div>]",2022-04-06,https://ca.indeed.com/rc/clk?jk=a92ac6e0e1abe394&fccid=50fff88545069ba4&vjs=3,"Are you looking for an exciting opportunity to take your data skills to the next level? If so, consider this opportunity with the Finance, Analysis and Systems Support Branch at the Ministry of Labour, Training and Skills Development where you will develop business intelligence solutions and perform data analysis for Employment Ontario programs and services.

About us:

The Ministry of Labour, Training and Skills Development's Employment and Training Division contributes to a prosperous and stable economy by delivering integrated employment and training programs and services.

The Division's Finance, Analysis and Systems Support Branch (FASSB) leads financial planning, corporate reporting and risk management exercises; provides a comprehensive suite of dynamic reporting and analytic products; and works with Ministry and I&IT Cluster partners to manage the development, enhancement and maintenance of the division's business information systems and digital business models. The branch offers an innovative and inclusive culture, exposure to an integrated perspective on policy and program delivery and on-going opportunities for managers and staff to develop new skills and competencies.

At FASSB, we recognize that flexibility is vital. We take our work seriously and want to enjoy doing it! We embrace and celebrate differences. We have great respect for our strengths, perspectives, opinions and lifestyles. We have high expectations of each other, but even higher expectations of ourselves. We love the clash of ideas that lead to better solutions. Challenging the status quo is encouraged. Collaborating will allow us to push forward. If this sounds like a good fit for you, come and join us!

Why work for the Ontario Public Service?

The Ontario Public Service (OPS) is committed to being an employer of first choice, creating a positive and inclusive work environment.


We offer:

Competitive compensation and benefitsFlexible work arrangements
Collegial and professional work cultureCareer growth and development opportunities across multiple business areasOn-the-job training to support your success in the role
What can I expect to do in this role?Build business intelligence tools and enterprise data products for a broad range of data users and stakeholdersProvide business and technical support throughout the development, testing, implementation and maintenance of business intelligence and data analytics products including data integration solutions and data quality assessmentsMonitor program activities and report on program performanceProvide leading-edge support and advice in the development of key performance indicators with partner ministries and organizations
How do I qualify?
Data Skills and Technical KnowledgeYou have hands-on database, business intelligence and reporting product development skills using relational database systems (e.g. Microsoft SQL Server, Oracle)You have strong SQL scripting skills, including stored procedures, queries, performance optimization
You have reporting experience using applications such as SQL Server Reporting Services (SSRS) and Power BI Report Server (PBRS)You are able to analyze large datasets containing millions of data points and optimize access to relational and non-relational data sourcesYou have knowledge of digital system change management, team development tools, agile development methods and tools, and automated deployment
Analytical and Problem Solving SkillsYou have analytical, research and problem solving skills to assess and analyze and report on large amounts of complex data and investigate and assess data quality and integrityYou have knowledge of research theory and methodology, data analysis including data interpretation and modelling using financial analysis, and other forms of qualitative and quantitative analysis
Project Management and Program Development KnowledgeYou have project management and leadership skills and experience to coordinate multi-disciplinary, cross-ministry project teamsYou have knowledge of policy development processes to provide input into the development of new program and service design and delivery enhancementsYou can interpret and apply legislation, regulations, directives and guidelines (e.g. AODA, FIPPA) that govern the collection and dissemination of program and client data
Communication and Collaboration SkillsYou demonstrate oral and written communication and presentation skills to respond to information requests, prepare reports, and briefing materials, to present complex data/information to inform non-technical staff and senior managementYou have consultation and relationship management skills to discuss data findings and make recommendations to senior management/stakeholders

OPS Commitment to diversity, inclusion, accessibility, and anti- racism:
We are committed to build a workforce that reflects the communities we serve and to promote a diverse, anti-racist, inclusive, accessible, merit-based, respectful and equitable workplace.

We invite all interested individuals to apply and encourage applications from people with disabilities, Indigenous, Black, and racialized individuals, as well as people from a diversity of ethnic and cultural origins, sexual orientations, gender identities and expressions.

Visit the OPS Anti-Racism Policy and theOPS Diversity and Inclusion Blueprint pages to learn more about the OPS commitment to advance racial equity, accessibility, diversity, and inclusion in the public service.


We offer employment accommodation across the recruitment process and all aspects of employment consistent with the requirements of Ontario'sHuman Rights Code. Refer to the application instructions below if you require a disability-related accommodation.
Additional Information:
Address:
2 Temporary, duration up to 18 months, 777 Bay St, Toronto, Toronto Region

Compensation Group: Association of Management, Administrative and Professional Crown Employees of Ontario

Understanding the job ad - definitions
Schedule: 6

Category: Policy and Analysis

Posted on: Wednesday, April 6, 2022

Note:

C-LB-176559/22(2)

The information that you provide for the purpose of this competition and the results from this competition may be used to fill other positions. These positions may be of various tenures including short-term assignments. Your information and the results from this competition will be retained for the purpose of filling vacancies in accordance with the applicable collective agreement or policy provisions.

Effective October 1, 2021, the OPS COVID-19 Safe Workplace Directive requires all Ontario Public Service employees to provide proof they are fully vaccinated, meaning they are fully vaccinated as defined by the Ministry of Health (refer to: COVID-19 Fully Vaccinated Status in Ontario), including 14 calendar days have passed since receiving their final dose of the COVID-19 vaccine.


Employees who do not provide proof of full vaccination will be deemed ‘not vaccinated' under the Directive and will be required to attend a vaccine education program and undergo regular rapid antigen testing. Employees who are not vaccinated under the policy with a valid medical exemption will not be required to attend a vaccine education program but must undergo regular rapid antigen testing.","Ministry of Labour, Training and Skills Development","https://ca.indeed.com/cmp/Ministry-of-Labour,-Training-and-Skills-Development?campaignid=mobvjcmp&from=mobviewjob&tk=1g00i83m2q6ad800&fromjk=a92ac6e0e1abe394"
Data Analyst (Winnipeg),"[<div class=""companyLocation"">Vancouver, BC</div>, <div class=""companyLocation"">Hybrid remote in Toronto, ON</div>, <div class=""companyLocation"">Waterloo, ON</div>, <div class=""companyLocation"">Markham, ON</div>, <div class=""companyLocation"">Toronto, ON</div>, <div class=""companyLocation"">Charlottetown, PE</div>, <div class=""companyLocation"">Temporarily Remote in Kingston, ON</div>, <div class=""companyLocation"">Hybrid remote in North Vancouver, BC</div>, <div class=""companyLocation"">Toronto, ON</div>, <div class=""companyLocation"">Toronto, ON</div>, <div class=""companyLocation"">Remote in Winnipeg, MB</div>, <div class=""companyLocation"">Toronto, ON</div>, <div class=""companyLocation"">North Vancouver, BC</div>, <div class=""companyLocation"">Markham, ON</div>, <div class=""companyLocation"">Remote in London, ON</div>]",2022-04-06,https://ca.indeed.com/company/Paradigm-Consulting-Group-Inc./jobs/Data-Analyst-b0ecb3a0c9039d67?fccid=97f7db2fb2223d41&vjs=3,"Paradigm has opportunities for a Data Analytics Consultant to employ their knowledge, skills and techniques to deliver and implement significant initiatives and enable our customers to maximize their investments in their business processes and information technology.Our customers are contemplating returning to the office. this role may begin in a work from home model but may migrate to working on site at the customer request.What you’ll do: (for the Customer)Based on the assignment, interpret data, analyze results using statistical techniques and provide ongoing reportsDevelop and implement databases, data analysis systems, data collection systems, data environments and other strategies that optimize statistical efficiency and qualityAcquire data from primary or secondary data sources and maintain databases/data systems and manage the flow of data to and from disparate data systemsIdentify, analyze, and interpret trends or patterns in complex data setsFilter and “clean” data by reviewing computer reports, printouts, and performance indicators to locate and correct code problemsWork with management to prioritize business and information needsLocate and define new process improvement opportunitiesMonitor performance and quality control plans for data analytics related processes to identify improvementsLiaise among stakeholders to identify meaningful requirements for improvements and solutionsNegotiate requirements as necessary, helping your audience discover what they need, not just what they wantPersuade internal and external stakeholders of the benefits of the deliverables produced by the initiative(s)Liaise with Project Managers to create project specific reports on tracking data analytics based business goals / business needsWhat we’d like:2+ years work experience as a Data AnalystTechnical expertise regarding data models, database design development, data mining and segmentation techniquesStrong (and demonstrable) knowledge of and experience with reporting packages (e.g. Business Objects), databases (e.g. SQL), programming (e.g. XML, Javascript, or ETL frameworks)Knowledge of statistics and experience using statistical packages for analyzing datasets (Excel, SPSS, SAS, R, Python)Strong analytical skills with the ability to collect, organize, analyze, and disseminate significant amounts of information with attention to detail and accuracyExpertise in SQL, Azure SQL is an assetExperience using SQL Server Management Studio and\or Azure Data StudioExperience designing and implementing Power BI or Tableau datasets, reports and dashboards5+ years demonstrating highly effective interpersonal, organizational, and communication skills3+ years experience in both Agile and Waterfall methodologiesStrong communication, organizational, planning and relationship skillsDelivery experience within Canada – experience in Regina, Saskatoon or Winnipeg would be a bonusBS in Mathematics, Economics, Computer Science, Information Management or Statistics is a strong assetOther relevant certifications such as aCAP \ CPADS \ CAP \ Cloudera Data Analyst \ EMCDSA \ MCADSA \ MCDAA would be an assetWhat you can expect from us: An IT and Business Consulting practice with over 30 years of experience and presence in Regina, Winnipeg and SaskatoonOpportunity to work on exciting, challenging and transformational projectsSupport for your Professional Development programCompetitive compensation, benefits, profit sharing and vacation policiesAn organization that believes in work/life balance: after seven (7) years of service, you will receive a six (6) week paid sabbatical to re-charge and relaxExciting Employee Ownership optionsAccess to a network of consultants with deep knowledge and experience to support and connect withTo learn more about our Benefits, Culture* or apply for these opportunities, please visit our website: *Careers.ParadigmConsulting.comWe thank you for your interest, however, only those selected for interviews will be contacted.Paradigm Consulting Group is committed to cultural diversity, inclusiveness and gender equity. We encourage all qualified candidates to apply.Job Type: Full-time",Paradigm Consulting Group,https://ca.indeed.com/cmp/Paradigm-Consulting-Group-Inc.-2?campaignid=mobvjcmp&from=mobviewjob&tk=1g00i84dopvvk800&fromjk=b0ecb3a0c9039d67
Data Analyst,"[<div class=""companyLocation"">Vancouver, BC</div>, <div class=""companyLocation"">Hybrid remote in Toronto, ON</div>, <div class=""companyLocation"">Waterloo, ON</div>, <div class=""companyLocation"">Markham, ON</div>, <div class=""companyLocation"">Toronto, ON</div>, <div class=""companyLocation"">Charlottetown, PE</div>, <div class=""companyLocation"">Temporarily Remote in Kingston, ON</div>, <div class=""companyLocation"">Hybrid remote in North Vancouver, BC</div>, <div class=""companyLocation"">Toronto, ON</div>, <div class=""companyLocation"">Toronto, ON</div>, <div class=""companyLocation"">Remote in Winnipeg, MB</div>, <div class=""companyLocation"">Toronto, ON</div>, <div class=""companyLocation"">North Vancouver, BC</div>, <div class=""companyLocation"">Markham, ON</div>, <div class=""companyLocation"">Remote in London, ON</div>]",2022-04-06,https://ca.indeed.com/rc/clk?jk=e49b1ad39e718668&fccid=d7c79e940576cb7e&vjs=3,"We are the Canadian Division of Stewart Title Guaranty Company, a leading provider of residential and commercial title insurance. As one of the largest title insurers in the world, Stewart Title specializes in providing our clients with exceptional service, deep expertise and innovative solutions to help close their real estate transactions with peace of mind.
Job Description
Job Summary
A Data Analyst with our Product Development department in Toronto is responsible for working with leadership and developers to gather and interpret data to aid in investigations and analysis of potential changes and features. This is a remote position.
Responsibilities
Designing and releasing business critical reports and ensuring smooth hand-off to users
Advising/guiding requests based on what reports exist, what limitations need to be considered, etc.
Providing ad-hoc data requests and queries to business stakeholders
Working with Product Development leadership to ensure the requests are properly prioritized
Becoming an expert on the business and its data over time
Eliminating redundant or contradictory report requests by developing a strong overview of reports, business needs, warehouse design, etc.
Improving and maintaining the process around reports requests and delivery
Continually improving analytics capabilities across the organization
Ensuring continued progress on long term objectives with data
Building a more cohesive approach to data access and management
Developing cross-departmental KPIs and visual reports/dashboards
Working directly with developer, communicating on query logic, database design, etc. to support business needs
Suggesting data warehouse improvements through understanding such concepts as ETL, fact tables, dimensions, etc.
Other duties as needed
Qualifications
Post-secondary diploma or degree in IT, computer systems, or technology a plus
5+ years’ experience working closely with data in same or similar role
Proficiency in SQL Server
Strong grasp of data concepts, database design, warehouse design, data transformation
Experience writing and understanding SQL queries
Strong Business Analysis skills; always knowing the business reason for a data request/project
Experience and comfort interfacing with business stakeholders, managing expectation, etc.
Excellent written and verbal communication skills
Project minded, independent, organized, and able to prioritize work
Domain experience in insurance a plus
Stewart Title is committed to accommodating persons with disabilities. If you require accommodation during any aspect of the application process, please let us know. We can be reached by:
Email (INTLresumes@stewart.com)
Telephone: 416.307.3300 (please ask to speak to a Human Resources representative)
Mail: 200 Bay Street, North Tower, Suite 2600, Toronto, ON M5J 2J2
Fax: 416.981.7214
Privacy
Your privacy is important to us. We consider and define Personal Information as any data relating to an individual, whether it relates to his or her private, professional or public life. It can be anything from a name, a photo, an email address, bank details or posts on social media. We only collect, store, use and disclose Personal Information from prospective and current employees for legitimate employment, legal, and business purposes. You can learn more about how we handle and process your personal information in relation to our recruitment process by making a request to our Human Resources department.",Stewart Title Guaranty Company,https://ca.indeed.com/cmp/Stewart-Title-Guaranty-Company?campaignid=mobvjcmp&from=mobviewjob&tk=1g00i85512f34000&fromjk=e49b1ad39e718668
Data Analyst,"[<div class=""companyLocation"">Vancouver, BC</div>, <div class=""companyLocation"">Hybrid remote in Toronto, ON</div>, <div class=""companyLocation"">Waterloo, ON</div>, <div class=""companyLocation"">Markham, ON</div>, <div class=""companyLocation"">Toronto, ON</div>, <div class=""companyLocation"">Charlottetown, PE</div>, <div class=""companyLocation"">Temporarily Remote in Kingston, ON</div>, <div class=""companyLocation"">Hybrid remote in North Vancouver, BC</div>, <div class=""companyLocation"">Toronto, ON</div>, <div class=""companyLocation"">Toronto, ON</div>, <div class=""companyLocation"">Remote in Winnipeg, MB</div>, <div class=""companyLocation"">Toronto, ON</div>, <div class=""companyLocation"">North Vancouver, BC</div>, <div class=""companyLocation"">Markham, ON</div>, <div class=""companyLocation"">Remote in London, ON</div>]",2022-04-06,https://ca.indeed.com/company/Olympic-Industries-Inc./jobs/Data-Analyst-a3cdd2f5a2ab8369?fccid=5f40fe773522c7e7&vjs=3,"Who We AreOlympic Industries ULC is a leading international forest products trading company with annual revenue exceeding $500 million. Our expertise includes importing, manufacturing, and wholesale distribution of lumber.Established in 1972, we have a strong record of success and a clear vision for our industry's sustainable future. Our office is located in the heart of the vibrant and breathtaking Lonsdale Quay.OpportunityOlympic Industries is currently searching for a highly motivated Data Analyst to join our growth-oriented team!Working closely with the Head of Derivatives & Data, you will be responsible for designing, implementing, and upkeeping analytical models and software.Specific ResponsibilitiesDevelop full-stack web framework applications for analyzing big data.Assist the Head of Derivative & Data in the analyzing and developing reports, dashboards and briefing documents for internal and external stakeholders.Build and upkeep analytical models to provide a dynamic analysis of the business.Perform code optimization in existing data projects.Create statistical and forecasting models on complex inventory and trading data.Create and improve automation processes for routine data processing tasks such as data scraping.Research and source new data from different vendors.Education and ExperienceUndergraduate or graduate degree in computer science, statistics, data science, or related technical field.Strong programming skills in one of R, Python or Java.Familiar with basic SQL query and big database pipelines.Knowledge of Google Sheets and scripting in Apps Scrip.Knowledge in web frameworks such as Django, Flask, or Shiny.Prior experience in building web-based applications considered an asset.Knowledge in machine learning, data mining, statistical modelling, and forecasting considered an asset.Knowledge or experience in working with REST API and Web Socket to extract, manipulate, and automate data considered an assetKnowledge or experience in quantitative finance or financial engineering considered an asset but not required.CompetenciesProven ability to complete work in a timely manner with exceptional accuracy and attention to detail.Outstanding verbal, written and visual communication skills.A high degree of initiative, work ethic, integrity, and honesty.Ability to listen and understand instructions and work independently or with others to complete tasks.Working knowledge of Microsoft Office, including Outlook, Word, and Excel.Ability to use strong judgement in analyzing, troubleshooting, and evaluating problems.Ability to act with good judgement and discretion: keeping sensitive business data secure.Desire and capacity to acquire new knowledge and develop new skills, specifically in the commodities trading industry.High-energy with an entrepreneurial spirit.Why Join Us?Work hard, play hard company culture where you will build meaningful relationships.Opportunity to do meaningful work that creates value to the company.On-site gym and showers.Easy access to the mountains and oceans.Apply Now! For more information on Olympic Industries, please visit our website at www.olympicind.com.We thank all applicants for their interest! However, only those selected for an interview will be contacted. At Olympic Industries, we embrace diversity and are committed to building a team that represents a variety of backgrounds, cultures, perspectives, skills, and experiences. As an equal opportunity employer, we encourage applications from all qualified individuals.Job Types: Full-time, PermanentBenefits:Company eventsDental careDisability insuranceEmployee assistance programEmployee stock purchase planExtended health careLife insuranceOn-site gymPaid time offRRSP matchVision careWellness programWork from homeSchedule:Monday to Friday",Olympic Industries ULC,https://ca.indeed.com/cmp/Olympic-Industries-Inc.-1?campaignid=mobvjcmp&from=mobviewjob&tk=1g00i85u2jord800&fromjk=a3cdd2f5a2ab8369
"Data Analyst, Corporate Quality","[<div class=""companyLocation"">Vancouver, BC</div>, <div class=""companyLocation"">Hybrid remote in Toronto, ON</div>, <div class=""companyLocation"">Waterloo, ON</div>, <div class=""companyLocation"">Markham, ON</div>, <div class=""companyLocation"">Toronto, ON</div>, <div class=""companyLocation"">Charlottetown, PE</div>, <div class=""companyLocation"">Temporarily Remote in Kingston, ON</div>, <div class=""companyLocation"">Hybrid remote in North Vancouver, BC</div>, <div class=""companyLocation"">Toronto, ON</div>, <div class=""companyLocation"">Toronto, ON</div>, <div class=""companyLocation"">Remote in Winnipeg, MB</div>, <div class=""companyLocation"">Toronto, ON</div>, <div class=""companyLocation"">North Vancouver, BC</div>, <div class=""companyLocation"">Markham, ON</div>, <div class=""companyLocation"">Remote in London, ON</div>]",2022-04-06,https://ca.indeed.com/rc/clk?jk=c950785d6d718d8b&fccid=f8c05445c4377277&vjs=3,"Extendicare recognizes the importance of immunization to protect our residents, patients, team members and visitors from COVID-19. As such, subject to medical exemptions, a condition of employment with Extendicare is requiring that all new hires have received all required doses of a COVID-19 vaccine approved by Health Canada.

Extendicare is a leading provider of care and services for seniors throughout Canada. Through our network of over 115 senior care and living centres as well as our home health care operations, we are committed to delivering care throughout the health care continuum to meet the needs of a growing seniors’ population in Canada. Our qualified and highly trained workforce of 23,700 team members are united by a dedication to quality care and by our vision of being the best provider of senior care and services in Canada

Extendicare is undergoing a business transformation and is looking for talent with a keen interest in health care and operations. The successful candidate will have the opportunity to join a dynamic team that thrives in working in a fast paced, results driven environment.

As part of the Office of the Chief Medical Officer, the Data Analyst will review, analyze, and create reports designed to track the performance of key initiatives related to Extendicare’s Corporate Quality and Medication Safety Technology strategies. The Data Analyst will support Extendicare’s Quality and Operations teams with a focus on using data to present information to drive actionable and measurable outcomes.

Responsibilities:

Prepare reports that summarize data, trends, and insights to support the launch of new projects and inform changes to existing programs
Analyze data and develop clear presentations that summarize results and recommendations and deliver key messages to internal and external stakeholder groups
Act as a change agent by evaluating existing programs, identifying new service delivery methods, and implementing these to achieve sustained success
Collaborate and work with regional directors, project managers, coordinators, analysts, and administrative staff within the organization
Develop, review, and update documentation to support new implementations and program changes
Act as a subject matter expert for assigned projects

Skills and experience:

Advanced Excel (i.e. Macros/VBA, Pivot tables, conditional formatting, text to column, array formula, string operations, data links, etc.) and automated report generation capabilities
Proficient in report writing (e.g. SQL) and data visualization tools (e.g. PowerBI)
Strong attention to detail and effective organizational skills
Superior analytical abilities with excellent communication skills
Self-proficient and ability to drive change with minimal supervision
Collaborative working style with the ability to influence at all levels of an organization
Ability to manage multiple projects simultaneously and prioritize effectively
Bachelor’s degree in Business, Finance, Applied Mathematics, Engineering, or other quantitative discipline
1-3 years’ experience in an equivalent or similar role
Experience in business analysis, KPI development and analysis, and report writing
Demonstrated analytical and problem-solving skills with the ability to take complex concepts, translate these to deliverables, and communicate to multiple stakeholders
Proven ability to build strong relationships with individuals at all levels of an organization and external vendors and service providers
Ability to function effectively in ambiguity and progress projects with incomplete information
High degree of personal and professional integrity
Proficient with MS Office suite
Ability to work occasional weekends

In Ontario, Extendicare, ParaMed Home Health Care and affiliated organizations including our partner homes in Extendicare Assist, accommodate the needs of job applicants throughout its recruitment and selection processes in accordance with the Ontario Human Rights Code and the Accessibility for Ontarians with Disabilities Act. Accommodation needs must be provided in advance. To discuss your needs, please contact the individual noted in the posting
Extendicare recognizes the importance of immunization to protect our residents, patients, team members and visitors from COVID-19. As such, subject to medical exemptions, a condition of employment with Extendicare is requiring that all new hires have received all required doses of a COVID-19 vaccine approved by Health Canada.",Extendicare Canada,https://ca.indeed.com/cmp/Extendicare-1?campaignid=mobvjcmp&from=mobviewjob&tk=1g00i8767q6ad800&fromjk=c950785d6d718d8b
Data Analyst - Full Time (Southwestern Ontario),"[<div class=""companyLocation"">Vancouver, BC</div>, <div class=""companyLocation"">Hybrid remote in Toronto, ON</div>, <div class=""companyLocation"">Waterloo, ON</div>, <div class=""companyLocation"">Markham, ON</div>, <div class=""companyLocation"">Toronto, ON</div>, <div class=""companyLocation"">Charlottetown, PE</div>, <div class=""companyLocation"">Temporarily Remote in Kingston, ON</div>, <div class=""companyLocation"">Hybrid remote in North Vancouver, BC</div>, <div class=""companyLocation"">Toronto, ON</div>, <div class=""companyLocation"">Toronto, ON</div>, <div class=""companyLocation"">Remote in Winnipeg, MB</div>, <div class=""companyLocation"">Toronto, ON</div>, <div class=""companyLocation"">North Vancouver, BC</div>, <div class=""companyLocation"">Markham, ON</div>, <div class=""companyLocation"">Remote in London, ON</div>]",2022-04-06,https://ca.indeed.com/rc/clk?jk=386cdfa4bc169b9c&fccid=d9af3160edb57913&vjs=3,"Job Description:
Home and Community Care Support Services South West is seeking a Data Analyst!
Opportunity Summary:
As a key member of the Corporate Services team, the Data Analyst works closely with internal and external stakeholders and teams to support development of appropriate systems and reporting tools, analysis, and visualization of internal service delivery (patient care), and health system data and information. In addition, this position creates and utilizes required analytical solutions to monitor, interpret, and report on performance, and make recommendations to our internal and external stakeholders to achieve operational and local health care system excellence. This is a permanent full time opportunity.
This opportunity is open to the following locations within the South West region: Woodstock, St Thomas, London, Stratford, or Owen Sound. While some elements of the role are currently being performed remotely, the successful incumbent will be required to regularly report to their HCCSS South West primary office location.
What will you do?
As the Data Analyst, you will:
Provide advice to optimize business intelligence to streamline data report creation, and create automated dashboards that support strategic and operational priorities.
Determine most appropriate analytical and statistical methods and tools, and conducts data extraction, summarization, and analyses for internal service delivery (patient care), and health system facing data to support teams and drive a culture of evidence-informed decision making.
Provide robust analytics and interpretation to support improvement in home and community patient care and health system performance.
Collaborate with colleagues across teams on matters related to decision support, planning, outcomes, and other requirements.
Facilitate requirements gathering meetings with key stakeholders and colleagues across teams for business intelligence tool development (i.e. dashboards and reports).
Lead and co-lead facilitated sessions with stakeholders and evaluation advisors on topics related to performance using various improvement/Lean methodologies.
Assist in the collection and analysis of sensitive and confidential information and data, including personal health information, and data related to performance indicators and benchmarks for all areas of the organization.
Report and analyze service delivery models to support changes that impact the patient care workforce to improve Home and Community Care services across our local sub-regions.
Present performance data and results in a clear, meaningful format that promotes health system and Health Service Provider/Service Provider Organization (HSP/SPO) accountability, and synthesize implications and recommendations for action.
Provide subject matter expertise related to internal (patient care) service delivery and health system data; contribute to the development of key measures; and undertake in-year monitoring of patient care, health system and HSP/SPO performance and achievements against defined expected outcomes to identify priority gaps and opportunities.
Support the development of a culture within HCCSS that reflects HCCSS's role in achieving improved patient experience, health outcomes, and value for money, while driving health system improvement, integration, and coordination across HCCSS South West to deliver high quality home and community care that meets the needs of patients and families.
Potentially participate on provincial working groups, committees or other initiatives to advance shared objectives, develop best practices, align efforts, or share knowledge.
Train, facilitate, and supports users to consume information from Business Intelligence solutions to assist with decision making.
Assess data quality in terms of completeness, accuracy, and timeliness; makes recommendations for improvement.
What must you have?
Greater than a two (2)-year Post-secondary diploma in Public Health, Healthcare, Epidemiology, Information Management, or a related field, or the equivalent combination of education, training and experience.
Greater than one (1) year of relevant experience.
Experience in health care data management and decision support/business intelligence, including data analysis, dashboard creation, and report generation.
Experience with:
Data extraction methodologies using canned reports and standard reporting tools;
Data visualization and mapping tools.
Demonstrated advanced ability to analyze, interpret, and evaluate clinical, service and financial performance data, problem-solve, and formulate decision alternatives substantiated by data findings.
Demonstrated excellence in identifying data needs to support management decision making and capacity planning, determining appropriate sources of data.
Demonstrated ability to write advance queries using Structure Query Language.
Strong ability to extract, manipulate, analyze, visualize, and summarize data using a variety of software tools (e.g. MS Excel, Access, Tableau, Power BI, iPort, IntelliHealth, SPSS, SAS, SQL, GIS etc.) with ability to adapt easily to new software
Knowledge of local health issues, priorities, and needs while recognizing the broader trends in health care policy and system development, including Patients First.
Familiarity with health and health system data (e.g., population health, health records, MIS guidelines/data etc.).
What would give you an advantage?
Ability to speak French or another second language.
Knowledge of basic training techniques and principles would be an asset
Who we are:
Home and Community Care Support Services South West is one of 14 Home and Community Care Support Services organizations in Ontario with a focused mandate to deliver local health care services such as home and community care and long-term care home placement. These organizations were previously known as Local Health Integration Networks at a time when they also led local health care planning and funding, and those functions are now part of Ontario Health. Learn more at www.healthcareathome.ca/southwest.
Our organization is a recipient of the 2019 Canada’s Healthy Workplace Month Great Employers Award, making it a recognized organization in supporting employee health and safety.
How do I apply?
Please visit www.HealthCareAtHomeJobs.ca to submit your resume and cover letter. Application deadline is 19 April 2022 at 23:59 hours.
We are committed to a culture that values diversity and inclusion. We welcome and encourage applications from people with disabilities, and are committed to providing accommodation as part of our hiring process. If you have special requirements, please advise Human Resources during the recruitment process.
Home and Community Care Support Services values the health and safety of its employees and is committed to the prevention of COVID-19 exposure and transmission of infection to employees, patients, caregivers, volunteers, visitors and residents. As a requirement of Home and Community Care Support Services’ Mandatory COVID-19 Vaccination Policy, all employees must be considered fully vaccinated for COVID-19.",Ontario's LHINs,https://ca.indeed.com/cmp/Ontario's-Lhins?campaignid=mobvjcmp&from=mobviewjob&tk=1g00i889g38q5000&fromjk=386cdfa4bc169b9c
